RunAt,Label,PointIndex,TimeMs,Objective,Bound,Gap
2026-08-25 07:34:41,r2-baseline-s11,0,281.1036,262.3000000000006,3.2999999999999994,0.9874189858936381
2026-08-25 07:34:41,r2-baseline-s11,1,592.7524,262.3000000000006,3.2999999999999994,0.9874189858936381
2026-08-25 07:34:41,r2-baseline-s11,2,872.2989,14.700000000000003,3.3333333333333295,0.7732426303802278
2026-08-25 07:34:41,r2-baseline-s11,3,1016.3479,10.9,3.4285714285714275,0.6854521625100943
2026-08-25 07:34:41,r2-baseline-s11,4,1140.5681,4.9,3.449999999999997,0.29591836734090027
2026-08-25 07:34:41,r2-baseline-s11,5,1388.3116,4.9,3.463888888888888,0.2930839002207763
2026-08-25 07:34:41,r2-baseline-s11,6,1576.7545,4.700000000000001,3.500000000000001,0.25531914893073787
2026-08-25 07:34:41,r2-baseline-s11,7,1970.856,4.1000000000000005,3.500000000000001,0.14634146341106474
2026-08-25 07:34:41,r2-baseline-s11,8,2243.5186,4.1000000000000005,3.5000000000000027,0.1463414634110643
2026-08-25 07:34:41,r2-baseline-s11,9,2481.4651,4.1000000000000005,3.516666666666663,0.14227642276075847
2026-08-25 07:34:41,r2-baseline-s11,10,2868.5304,4.1000000000000005,3.5499999999999976,0.13414634146014348
2026-08-25 07:34:41,r2-baseline-s11,11,3607.7342,3.7,3.5499999999999994,0.040540540539445065
2026-08-25 07:34:41,r2-baseline-s11,12,3922.9792,3.7,3.5999999999999974,0.02702702702629731
2026-08-25 07:34:41,r2-baseline-s11,13,4140.7046,3.7,3.599999999999999,0.027027027026296828
2026-08-25 07:34:41,r2-baseline-s11,14,4346.4175,3.7,3.5999999999999988,0.02702702702629695
2026-08-25 07:34:41,r2-baseline-s11,15,4597.5705,3.7,3.6,0.02702702702629659
2026-08-25 07:34:41,r2-baseline-s11,16,4814.4797,3.7,3.6,0.02702702702629659
2026-08-25 07:34:41,r2-baseline-s11,17,4822.8653,3.6,3.6,0
2026-08-25 07:34:50,r2-Emphasis=3-s11,0,243.9733,262.3000000000006,3.2999999999999994,0.9874189858936381
2026-08-25 07:34:50,r2-Emphasis=3-s11,1,529.3225,262.3000000000006,3.2999999999999994,0.9874189858936381
2026-08-25 07:34:50,r2-Emphasis=3-s11,2,858.0165,14.700000000000003,3.333333333333331,0.7732426303802277
2026-08-25 07:34:50,r2-Emphasis=3-s11,3,1214.0804,10.9,3.4285714285714284,0.6854521625100941
2026-08-25 07:34:50,r2-Emphasis=3-s11,4,1420.0645,4.500000000000001,3.4999999999999973,0.2222222222172847
2026-08-25 07:34:50,r2-Emphasis=3-s11,5,1685.8831,4.500000000000001,3.5000000000000027,0.22222222221728352
2026-08-25 07:34:50,r2-Emphasis=3-s11,6,2254.6584,4.1000000000000005,3.5149999999999952,0.14268292682578948
2026-08-25 07:34:50,r2-Emphasis=3-s11,7,2455.5762,4.1000000000000005,3.5390624999999956,0.13681402438690818
2026-08-25 07:34:50,r2-Emphasis=3-s11,8,3080.7105,4,3.556249999999997,0.11093749999722737
2026-08-25 07:34:50,r2-Emphasis=3-s11,9,3525.7314,4,3.5999999999999974,0.09999999999750064
2026-08-25 07:34:50,r2-Emphasis=3-s11,10,3963.8497,4,3.6000000000000014,0.09999999999749964
2026-08-25 07:34:50,r2-Emphasis=3-s11,11,4669.0883,3.8000000000000003,3.6000000000000014,0.052631578945983075
2026-08-25 07:34:50,r2-Emphasis=3-s11,12,4933.9716,3.8000000000000003,3.6000000000000014,0.052631578945983075
2026-08-25 07:34:50,r2-Emphasis=3-s11,13,5327.8766,3.8000000000000003,3.600000000000004,0.052631578945982374
2026-08-25 07:34:50,r2-Emphasis=3-s11,14,5697.6222,3.8000000000000003,3.600000000000004,0.052631578945982374
2026-08-25 07:34:50,r2-Emphasis=3-s11,15,5965.8841,3.8000000000000003,3.600000000000004,0.052631578945982374
2026-08-25 07:34:50,r2-Emphasis=3-s11,16,6292.4517,3.8000000000000003,3.600000000000004,0.052631578945982374
2026-08-25 07:34:50,r2-Emphasis=3-s11,17,6690.8743,3.8000000000000003,3.600000000000004,0.052631578945982374
2026-08-25 07:34:50,r2-Emphasis=3-s11,18,6999.1956,3.8000000000000003,3.600000000000004,0.052631578945982374
2026-08-25 07:34:50,r2-Emphasis=3-s11,19,7291.0712,3.8000000000000003,3.600000000000004,0.052631578945982374
2026-08-25 07:34:50,r2-Emphasis=3-s11,20,7639.8957,3.8000000000000003,3.600000000000004,0.052631578945982374
2026-08-25 07:34:50,r2-Emphasis=3-s11,21,8065.1312,3.8000000000000003,3.600000000000004,0.052631578945982374
2026-08-25 07:34:50,r2-Emphasis=3-s11,22,8291.3047,3.6,3.600000000000004,0
2026-08-25 07:34:56,r2-baseline-s22,0,231.2759,261.3000000000006,3.299999999999998,0.987370838116729
2026-08-25 07:34:56,r2-baseline-s22,1,575.1089,23.499999999999996,3.299999999999998,0.8595744680814488
2026-08-25 07:34:56,r2-baseline-s22,2,872.5746,17.299999999999997,3.437499999999997,0.8013005780300505
2026-08-25 07:34:56,r2-baseline-s22,3,1068.4899,4.9,3.456249999999997,0.2946428571368446
2026-08-25 07:34:56,r2-baseline-s22,4,1331.3668,4.9,3.4999999999999996,0.285714285708455
2026-08-25 07:34:56,r2-baseline-s22,5,1697.4577,4.9,3.4999999999999982,0.28571428570845525
2026-08-25 07:34:56,r2-baseline-s22,6,1916.554,4.9,3.4999999999999982,0.28571428570845525
2026-08-25 07:34:56,r2-baseline-s22,7,2158.7138,4.9,3.5499999999999967,0.27551020407601073
2026-08-25 07:34:56,r2-baseline-s22,8,2244.2927,4.500000000000001,3.5999999999999983,0.1999999999955561
2026-08-25 07:34:56,r2-baseline-s22,9,2388.3157,3.9,3.599999999999998,0.07692307692110506
2026-08-25 07:34:56,r2-baseline-s22,10,2848.0795,3.9,3.5999999999999983,0.07692307692110495
2026-08-25 07:34:56,r2-baseline-s22,11,3127.3304,3.9,3.5999999999999983,0.07692307692110495
2026-08-25 07:34:56,r2-baseline-s22,12,3399.8596,3.9,3.5999999999999983,0.07692307692110495
2026-08-25 07:34:56,r2-baseline-s22,13,3613.2652,3.9,3.5999999999999983,0.07692307692110495
2026-08-25 07:34:56,r2-baseline-s22,14,3846.0804,3.9,3.5999999999999983,0.07692307692110495
2026-08-25 07:34:56,r2-baseline-s22,15,4076.9627,3.9,3.5999999999999983,0.07692307692110495
2026-08-25 07:34:56,r2-baseline-s22,16,4340.5122,3.9,3.5999999999999983,0.07692307692110495
2026-08-25 07:34:56,r2-baseline-s22,17,4658.9727,3.9,3.5999999999999983,0.07692307692110495
2026-08-25 07:34:56,r2-baseline-s22,18,5080.091,3.8000000000000003,3.5999999999999983,0.05263157894598389
2026-08-25 07:34:56,r2-baseline-s22,19,5457.9633,3.8000000000000003,3.5999999999999983,0.05263157894598389
2026-08-25 07:34:56,r2-baseline-s22,20,5877.8028,3.7,3.5999999999999983,0.02702702702629707
2026-08-25 07:34:56,r2-baseline-s22,21,6053.0141,3.6,3.6,0
2026-08-25 07:35:08,r2-Emphasis=3-s22,0,219.3616,261.3000000000006,3.299999999999998,0.987370838116729
2026-08-25 07:35:08,r2-Emphasis=3-s22,1,525.8316,261.3000000000006,3.299999999999998,0.987370838116729
2026-08-25 07:35:08,r2-Emphasis=3-s22,2,687.1871,13.4,3.342857142857137,0.7505330490349112
2026-08-25 07:35:08,r2-Emphasis=3-s22,3,902.0159,13.4,3.4374999999999964,0.7434701492481833
2026-08-25 07:35:08,r2-Emphasis=3-s22,4,1074.0798,4.5,3.4999999999999964,0.22222222221728474
2026-08-25 07:35:08,r2-Emphasis=3-s22,5,1403.7792,4.5,3.4999999999999964,0.22222222221728474
2026-08-25 07:35:08,r2-Emphasis=3-s22,6,1867.1047,4.5,3.504545454545451,0.2212121212072062
2026-08-25 07:35:08,r2-Emphasis=3-s22,7,2201.4868,4.300000000000001,3.5250000000000017,0.18023255813534317
2026-08-25 07:35:08,r2-Emphasis=3-s22,8,2768.4664,3.9000000000000004,3.5399999999999974,0.0923076923053262
2026-08-25 07:35:08,r2-Emphasis=3-s22,9,3146.102,3.9000000000000004,3.5999999999999965,0.0769230769211055
2026-08-25 07:35:08,r2-Emphasis=3-s22,10,3913.9486,3.8,3.6,0.05263157894598331
2026-08-25 07:35:08,r2-Emphasis=3-s22,11,4138.6493,3.8,3.6,0.05263157894598331
2026-08-25 07:35:08,r2-Emphasis=3-s22,12,4371.7576,3.8,3.6,0.05263157894598331
2026-08-25 07:35:08,r2-Emphasis=3-s22,13,4688.2623,3.8,3.6,0.05263157894598331
2026-08-25 07:35:08,r2-Emphasis=3-s22,14,5052.1354,3.8,3.600000000000001,0.052631578945983075
2026-08-25 07:35:08,r2-Emphasis=3-s22,15,5299.5112,3.8,3.600000000000001,0.052631578945983075
2026-08-25 07:35:08,r2-Emphasis=3-s22,16,5785.1872,3.8,3.600000000000001,0.052631578945983075
2026-08-25 07:35:08,r2-Emphasis=3-s22,17,6089.5348,3.8,3.600000000000001,0.052631578945983075
2026-08-25 07:35:08,r2-Emphasis=3-s22,18,6323.1161,3.8,3.600000000000001,0.052631578945983075
2026-08-25 07:35:08,r2-Emphasis=3-s22,19,6582.5764,3.8,3.600000000000001,0.052631578945983075
2026-08-25 07:35:08,r2-Emphasis=3-s22,20,6927.1609,3.8,3.600000000000001,0.052631578945983075
2026-08-25 07:35:08,r2-Emphasis=3-s22,21,7215.0238,3.8,3.600000000000001,0.052631578945983075
2026-08-25 07:35:08,r2-Emphasis=3-s22,22,7439.8137,3.8,3.600000000000001,0.052631578945983075
2026-08-25 07:35:08,r2-Emphasis=3-s22,23,7701.1256,3.8,3.600000000000001,0.052631578945983075
2026-08-25 07:35:08,r2-Emphasis=3-s22,24,7975.3965,3.8,3.600000000000001,0.052631578945983075
2026-08-25 07:35:08,r2-Emphasis=3-s22,25,8372.1157,3.8,3.600000000000001,0.052631578945983075
2026-08-25 07:35:08,r2-Emphasis=3-s22,26,8790.5037,3.8,3.600000000000001,0.052631578945983075
2026-08-25 07:35:08,r2-Emphasis=3-s22,27,9270.3761,3.8,3.600000000000001,0.052631578945983075
2026-08-25 07:35:08,r2-Emphasis=3-s22,28,9649.8238,3.8,3.600000000000001,0.052631578945983075
2026-08-25 07:35:08,r2-Emphasis=3-s22,29,10072.4815,3.8,3.600000000000001,0.052631578945983075
2026-08-25 07:35:08,r2-Emphasis=3-s22,30,10499.4423,3.8,3.600000000000001,0.052631578945983075
2026-08-25 07:35:08,r2-Emphasis=3-s22,31,10939.3334,3.8,3.600000000000001,0.052631578945983075
2026-08-25 07:35:08,r2-Emphasis=3-s22,32,11401.2764,3.8,3.600000000000001,0.052631578945983075
2026-08-25 07:35:08,r2-Emphasis=3-s22,33,12067.6203,3.6,3.600000000000001,0
2026-08-25 07:35:12,r2-baseline-s33,0,236.7296,261.3000000000006,3.2999999999999963,0.987370838116729
2026-08-25 07:35:12,r2-baseline-s33,1,547.6905,9.900000000000002,3.2999999999999985,0.6666666666599328
2026-08-25 07:35:12,r2-baseline-s33,2,787.6073,9.900000000000002,3.324999999999996,0.6641414141347062
2026-08-25 07:35:12,r2-baseline-s33,3,1078.0479,9.900000000000002,3.4499999999999975,0.6515151515085709
2026-08-25 07:35:12,r2-baseline-s33,4,1183.4248,6,3.4722222222222237,0.42129629628927445
2026-08-25 07:35:12,r2-baseline-s33,5,1398.1868,5.9,3.499999999999996,0.4067796610100553
2026-08-25 07:35:12,r2-baseline-s33,6,1621.7858,5.9,3.499999999999997,0.40677966101005514
2026-08-25 07:35:12,r2-baseline-s33,7,1872.1066,4.3,3.5249999999999964,0.18023255813534425
2026-08-25 07:35:12,r2-baseline-s33,8,2109.582,4.1,3.5624999999999964,0.13109756097241304
2026-08-25 07:35:12,r2-baseline-s33,9,2285.9966,3.6999999999999997,3.562499999999999,0.03716216216115795
2026-08-25 07:35:12,r2-baseline-s33,10,2528.7196,3.6999999999999997,3.5625000000000004,0.03716216216115759
2026-08-25 07:35:12,r2-baseline-s33,11,2788.5221,3.6999999999999997,3.599999999999999,0.027027027026296713
2026-08-25 07:35:12,r2-baseline-s33,12,3031.5305,3.6999999999999997,3.599999999999999,0.027027027026296713
2026-08-25 07:35:12,r2-baseline-s33,13,3232.1193,3.6999999999999997,3.600000000000001,0.02702702702629623
2026-08-25 07:35:12,r2-baseline-s33,14,3450.3669,3.6999999999999997,3.600000000000001,0.02702702702629623
2026-08-25 07:35:12,r2-baseline-s33,15,3481.3073,3.6,3.600000000000001,0
2026-08-25 07:35:21,r2-Emphasis=3-s33,0,241.8616,261.3000000000006,3.2999999999999963,0.987370838116729
2026-08-25 07:35:21,r2-Emphasis=3-s33,1,523.6537,9.900000000000002,3.2999999999999985,0.6666666666599328
2026-08-25 07:35:21,r2-Emphasis=3-s33,2,806.7509,9.900000000000002,3.324999999999996,0.6641414141347062
2026-08-25 07:35:21,r2-Emphasis=3-s33,3,1386.4978,5.9,3.487499999999996,0.40889830507781605
2026-08-25 07:35:21,r2-Emphasis=3-s33,4,1495.5425,5,3.500000000000001,0.29999999999399984
2026-08-25 07:35:21,r2-Emphasis=3-s33,5,2001.0695,4.4,3.526666666666663,0.1984848484803384
2026-08-25 07:35:21,r2-Emphasis=3-s33,6,2644.7663,4.300000000000001,3.548387096774191,0.17479369842054196
2026-08-25 07:35:21,r2-Emphasis=3-s33,7,3209.4637,4.1,3.576923076923072,0.12757973733272426
2026-08-25 07:35:21,r2-Emphasis=3-s33,8,3442.1339,4.000000000000001,3.5999999999999956,0.09999999999750128
2026-08-25 07:35:21,r2-Emphasis=3-s33,9,3901.7502,4.000000000000001,3.6000000000000036,0.09999999999749928
2026-08-25 07:35:21,r2-Emphasis=3-s33,10,4327.6098,4.000000000000001,3.6000000000000036,0.09999999999749928
2026-08-25 07:35:21,r2-Emphasis=3-s33,11,4725.1422,4.000000000000001,3.6000000000000036,0.09999999999749928
2026-08-25 07:35:21,r2-Emphasis=3-s33,12,5389.2379,4.000000000000001,3.6000000000000036,0.09999999999749928
2026-08-25 07:35:21,r2-Emphasis=3-s33,13,6087.513,3.8000000000000003,3.6000000000000036,0.052631578945982485
2026-08-25 07:35:21,r2-Emphasis=3-s33,14,6500.5314,3.8000000000000003,3.6000000000000036,0.052631578945982485
2026-08-25 07:35:21,r2-Emphasis=3-s33,15,6720.7173,3.8000000000000003,3.6000000000000036,0.052631578945982485
2026-08-25 07:35:21,r2-Emphasis=3-s33,16,7234.018,3.8000000000000003,3.6000000000000036,0.052631578945982485
2026-08-25 07:35:21,r2-Emphasis=3-s33,17,7565.953,3.8000000000000003,3.6000000000000036,0.052631578945982485
2026-08-25 07:35:21,r2-Emphasis=3-s33,18,7842.79,3.8000000000000003,3.6000000000000036,0.052631578945982485
2026-08-25 07:35:21,r2-Emphasis=3-s33,19,8170.652,3.8000000000000003,3.6000000000000036,0.052631578945982485
2026-08-25 07:35:21,r2-Emphasis=3-s33,20,8413.0746,3.8000000000000003,3.6000000000000036,0.052631578945982485
2026-08-25 07:35:21,r2-Emphasis=3-s33,21,8643.8903,3.8000000000000003,3.6000000000000036,0.052631578945982485
2026-08-25 07:35:21,r2-Emphasis=3-s33,22,8869.0259,3.7000000000000006,3.6000000000000036,0.027027027026295745
2026-08-25 07:35:21,r2-Emphasis=3-s33,23,9094.4328,3.6,3.6000000000000036,0
2026-08-25 07:35:29,r2-baseline-s44,0,257.8458,261.3000000000006,3.2999999999999985,0.987370838116729
2026-08-25 07:35:29,r2-baseline-s44,1,621.7605,19.099999999999998,3.2999999999999985,0.8272251308857215
2026-08-25 07:35:29,r2-baseline-s44,2,830.7897,19.099999999999998,3.324999999999998,0.8259162303621682
2026-08-25 07:35:29,r2-baseline-s44,3,987.2757,15.2,3.4499999999999975,0.7730263157843882
2026-08-25 07:35:29,r2-baseline-s44,4,1073.2342,5.5,3.4833333333333294,0.3666666666600007
2026-08-25 07:35:29,r2-baseline-s44,5,1328.4688,5.5,3.5365384615384583,0.3569930069865168
2026-08-25 07:35:29,r2-baseline-s44,6,1674.9191,5.5,3.599999999999998,0.34545454544826487
2026-08-25 07:35:29,r2-baseline-s44,7,1842.0725,4.700000000000001,3.599999999999998,0.23404255318651035
2026-08-25 07:35:29,r2-baseline-s44,8,1963.083,4.000000000000001,3.599999999999998,0.09999999999750073
2026-08-25 07:35:29,r2-baseline-s44,9,2245.9731,3.9,3.599999999999998,0.07692307692110506
2026-08-25 07:35:29,r2-baseline-s44,10,2467.8771,3.9,3.599999999999998,0.07692307692110506
2026-08-25 07:35:29,r2-baseline-s44,11,2696.1869,3.9,3.599999999999998,0.07692307692110506
2026-08-25 07:35:29,r2-baseline-s44,12,2912.065,3.9,3.599999999999998,0.07692307692110506
2026-08-25 07:35:29,r2-baseline-s44,13,3134.4186,3.9,3.599999999999998,0.07692307692110506
2026-08-25 07:35:29,r2-baseline-s44,14,3358.1612,3.9,3.599999999999998,0.07692307692110506
2026-08-25 07:35:29,r2-baseline-s44,15,3646.9546,3.9,3.599999999999998,0.07692307692110506
2026-08-25 07:35:29,r2-baseline-s44,16,3974.525,3.9,3.599999999999998,0.07692307692110506
2026-08-25 07:35:29,r2-baseline-s44,17,4363.3494,3.9,3.599999999999998,0.07692307692110506
2026-08-25 07:35:29,r2-baseline-s44,18,4592.9019,3.9,3.599999999999998,0.07692307692110506
2026-08-25 07:35:29,r2-baseline-s44,19,4801.6511,3.9,3.599999999999998,0.07692307692110506
2026-08-25 07:35:29,r2-baseline-s44,20,5014.6726,3.9,3.599999999999998,0.07692307692110506
2026-08-25 07:35:29,r2-baseline-s44,21,5245.9089,3.9,3.599999999999998,0.07692307692110506
2026-08-25 07:35:29,r2-baseline-s44,22,5623.7757,3.9,3.599999999999998,0.07692307692110506
2026-08-25 07:35:29,r2-baseline-s44,23,5846.3593,3.9,3.599999999999998,0.07692307692110506
2026-08-25 07:35:29,r2-baseline-s44,24,6237.2362,3.9,3.599999999999998,0.07692307692110506
2026-08-25 07:35:29,r2-baseline-s44,25,6618.5048,3.9,3.599999999999998,0.07692307692110506
2026-08-25 07:35:29,r2-baseline-s44,26,6836.7462,3.7,3.599999999999998,0.02702702702629719
2026-08-25 07:35:58,r2-Emphasis=3-s44,0,270.4744,261.3000000000006,3.2999999999999985,0.987370838116729
2026-08-25 07:35:58,r2-Emphasis=3-s44,1,644.1465,19.099999999999998,3.2999999999999985,0.8272251308857215
2026-08-25 07:35:58,r2-Emphasis=3-s44,2,929.6584,19.099999999999998,3.325000000000001,0.825916230362168
2026-08-25 07:35:58,r2-Emphasis=3-s44,3,1226.3726,15.2,3.449999999999999,0.7730263157843881
2026-08-25 07:35:58,r2-Emphasis=3-s44,4,1654.9582,4.800000000000001,3.5499999999999963,0.2604166666612422
2026-08-25 07:35:58,r2-Emphasis=3-s44,5,2122.539,4.2,3.5499999999999963,0.15476190475822088
2026-08-25 07:35:58,r2-Emphasis=3-s44,6,2596.2685,4.2,3.5999999999999948,0.1428571428537428
2026-08-25 07:35:58,r2-Emphasis=3-s44,7,3120.2858,4.2,3.5999999999999974,0.14285714285374215
2026-08-25 07:35:58,r2-Emphasis=3-s44,8,3449.3519,3.9,3.600000000000004,0.07692307692110346
2026-08-25 07:35:58,r2-Emphasis=3-s44,9,3974.2193,3.9,3.600000000000004,0.07692307692110346
2026-08-25 07:35:58,r2-Emphasis=3-s44,10,4488.3493,3.9,3.600000000000004,0.07692307692110346
2026-08-25 07:35:58,r2-Emphasis=3-s44,11,5172.6198,3.8000000000000003,3.600000000000004,0.052631578945982374
2026-08-25 07:35:58,r2-Emphasis=3-s44,12,5495.7489,3.8000000000000003,3.600000000000004,0.052631578945982374
2026-08-25 07:35:58,r2-Emphasis=3-s44,13,5779.2923,3.8000000000000003,3.600000000000004,0.052631578945982374
2026-08-25 07:35:58,r2-Emphasis=3-s44,14,6162.5186,3.8000000000000003,3.600000000000004,0.052631578945982374
2026-08-25 07:35:58,r2-Emphasis=3-s44,15,6444.7633,3.8000000000000003,3.600000000000004,0.052631578945982374
2026-08-25 07:35:58,r2-Emphasis=3-s44,16,6839.5055,3.8000000000000003,3.600000000000004,0.052631578945982374
2026-08-25 07:35:58,r2-Emphasis=3-s44,17,7251.828,3.8000000000000003,3.600000000000004,0.052631578945982374
2026-08-25 07:35:58,r2-Emphasis=3-s44,18,8031.4589,3.8000000000000003,3.600000000000004,0.052631578945982374
2026-08-25 07:35:58,r2-Emphasis=3-s44,19,8671.7804,3.8000000000000003,3.600000000000004,0.052631578945982374
2026-08-25 07:35:58,r2-Emphasis=3-s44,20,9569.4679,3.8000000000000003,3.600000000000004,0.052631578945982374
2026-08-25 07:35:58,r2-Emphasis=3-s44,21,10627.2915,3.7,3.600000000000004,0.02702702702629551
2026-08-25 07:35:58,r2-Emphasis=3-s44,22,11308.8644,3.7,3.600000000000004,0.02702702702629551
2026-08-25 07:35:58,r2-Emphasis=3-s44,23,12719.381,3.7,3.600000000000004,0.02702702702629551
2026-08-25 07:35:58,r2-Emphasis=3-s44,24,14084.8198,3.7,3.600000000000004,0.02702702702629551
2026-08-25 07:35:58,r2-Emphasis=3-s44,25,16046.7919,3.7,3.600000000000004,0.02702702702629551
2026-08-25 07:35:58,r2-Emphasis=3-s44,26,18759.3242,3.7,3.600000000000004,0.02702702702629551
2026-08-25 07:35:58,r2-Emphasis=3-s44,27,21348.2204,3.7,3.600000000000004,0.02702702702629551
2026-08-25 07:35:58,r2-Emphasis=3-s44,28,24296.2493,3.7,3.600000000000004,0.02702702702629551
2026-08-25 07:35:58,r2-Emphasis=3-s44,29,26858.7631,3.7,3.600000000000004,0.02702702702629551
2026-08-25 07:35:58,r2-Emphasis=3-s44,30,28870.8199,3.6,3.600000000000004,0
2026-08-25 07:36:04,r2-baseline-s55,0,442.6926,263.30000000000064,3.299999999999997,0.9874667679449345
2026-08-25 07:36:04,r2-baseline-s55,1,811.2639,263.30000000000064,3.299999999999997,0.9874667679449345
2026-08-25 07:36:04,r2-baseline-s55,2,986.9686,35.699999999999996,3.2999999999999976,0.9075630252075418
2026-08-25 07:36:04,r2-baseline-s55,3,1201.9342,17.299999999999997,3.3999999999999977,0.8034682080878414
2026-08-25 07:36:04,r2-baseline-s55,4,1318.9812,5.700000000000001,3.4499999999999975,0.3947368420983385
2026-08-25 07:36:04,r2-baseline-s55,5,1620.7984,5.4,3.4999999999999973,0.3518518518453366
2026-08-25 07:36:04,r2-baseline-s55,6,2018.6317,4.3,3.512499999999999,0.1831395348794621
2026-08-25 07:36:04,r2-baseline-s55,7,2286.3908,3.8,3.5285714285714262,0.0714285714266923
2026-08-25 07:36:04,r2-baseline-s55,8,2877.9737,3.8,3.5545454545454516,0.06459330143370762
2026-08-25 07:36:04,r2-baseline-s55,9,3495.7624,3.8,3.5545454545454516,0.06459330143370762
2026-08-25 07:36:04,r2-baseline-s55,10,3729.2844,3.8,3.5599999999999956,0.06315789473518117
2026-08-25 07:36:04,r2-baseline-s55,11,4032.5011,3.8,3.5999999999999965,0.05263157894598425
2026-08-25 07:36:04,r2-baseline-s55,12,4380.3544,3.8,3.600000000000003,0.05263157894598249
2026-08-25 07:36:04,r2-baseline-s55,13,4644.7164,3.8,3.600000000000003,0.05263157894598249
2026-08-25 07:36:04,r2-baseline-s55,14,4860.106,3.8,3.600000000000003,0.05263157894598249
2026-08-25 07:36:04,r2-baseline-s55,15,5078.6273,3.8,3.600000000000003,0.05263157894598249
2026-08-25 07:36:04,r2-baseline-s55,16,5319.3368,3.8,3.600000000000003,0.05263157894598249
2026-08-25 07:36:04,r2-baseline-s55,17,5553.4422,3.8,3.600000000000003,0.05263157894598249
2026-08-25 07:36:04,r2-baseline-s55,18,5809.9914,3.6,3.600000000000003,0
2026-08-25 07:36:18,r2-Emphasis=3-s55,0,619.9004,263.30000000000064,3.299999999999997,0.9874667679449345
2026-08-25 07:36:18,r2-Emphasis=3-s55,1,1310.0645,263.30000000000064,3.299999999999997,0.9874667679449345
2026-08-25 07:36:18,r2-Emphasis=3-s55,2,1795.1489,35.699999999999996,3.2999999999999976,0.9075630252075418
2026-08-25 07:36:18,r2-Emphasis=3-s55,3,2716.4425,8.6,3.4888888888888854,0.5943152454711259
2026-08-25 07:36:18,r2-Emphasis=3-s55,4,3038.0354,4.5,3.4888888888888854,0.224691358019699
2026-08-25 07:36:18,r2-Emphasis=3-s55,5,3603.0645,4.300000000000001,3.5249999999999955,0.1802325581353446
2026-08-25 07:36:18,r2-Emphasis=3-s55,6,4445.6744,4.2,3.533333333333332,0.15873015872637983
2026-08-25 07:36:18,r2-Emphasis=3-s55,7,5740.3922,3.8000000000000003,3.6,0.05263157894598342
2026-08-25 07:36:18,r2-Emphasis=3-s55,8,6577.7508,3.8000000000000003,3.6,0.05263157894598342
2026-08-25 07:36:18,r2-Emphasis=3-s55,9,7557.1186,3.8000000000000003,3.6,0.05263157894598342
2026-08-25 07:36:18,r2-Emphasis=3-s55,10,8205.9793,3.8000000000000003,3.6,0.05263157894598342
2026-08-25 07:36:18,r2-Emphasis=3-s55,11,9216.8411,3.8000000000000003,3.6000000000000014,0.052631578945983075
2026-08-25 07:36:18,r2-Emphasis=3-s55,12,9683.3273,3.8000000000000003,3.6000000000000014,0.052631578945983075
2026-08-25 07:36:18,r2-Emphasis=3-s55,13,10186.4858,3.8000000000000003,3.6000000000000014,0.052631578945983075
2026-08-25 07:36:18,r2-Emphasis=3-s55,14,10431.0693,3.8000000000000003,3.6000000000000014,0.052631578945983075
2026-08-25 07:36:18,r2-Emphasis=3-s55,15,10652.9493,3.8000000000000003,3.6000000000000014,0.052631578945983075
2026-08-25 07:36:18,r2-Emphasis=3-s55,16,10935.4552,3.8000000000000003,3.6000000000000014,0.052631578945983075
2026-08-25 07:36:18,r2-Emphasis=3-s55,17,11370.007,3.8000000000000003,3.6000000000000014,0.052631578945983075
2026-08-25 07:36:18,r2-Emphasis=3-s55,18,11628.5898,3.8000000000000003,3.6000000000000014,0.052631578945983075
2026-08-25 07:36:18,r2-Emphasis=3-s55,19,11908.7857,3.8000000000000003,3.6000000000000014,0.052631578945983075
2026-08-25 07:36:18,r2-Emphasis=3-s55,20,12169.3209,3.8000000000000003,3.6000000000000014,0.052631578945983075
2026-08-25 07:36:18,r2-Emphasis=3-s55,21,12458.4539,3.8000000000000003,3.6000000000000014,0.052631578945983075
2026-08-25 07:36:18,r2-Emphasis=3-s55,22,12816.9005,3.8000000000000003,3.6000000000000014,0.052631578945983075
2026-08-25 07:36:18,r2-Emphasis=3-s55,23,13108.9702,3.8000000000000003,3.6000000000000014,0.052631578945983075
2026-08-25 07:36:18,r2-Emphasis=3-s55,24,13451.5153,3.8000000000000003,3.6000000000000014,0.052631578945983075
2026-08-25 07:36:18,r2-Emphasis=3-s55,25,13864.2906,3.6,3.6000000000000014,0
