RunId,TrialId,Model,TrialLabel,BasedOn,DiffKnobs,Seed,RunAt,Status,ObjectiveValue,BestBound,MipGap,RunTimeMs,TFeasMs,TStallMs,DeltaBound,NodeCount,IterationCount,TrajectoryPoints,VarCount,ConstraintCount,Note
20260825-073436,1,HospitalRostering_Generator,r2-baseline-s11,,,11,2026-08-25 07:34:41,Optimal,3.5999999999999996,3.6,0,4888.0975,281.1036,4597.5705,0.3000000000000007,406,31709,18,5008,9856,
20260825-073436,2,HospitalRostering_Generator,r2-Emphasis=3-s11,r2-baseline-s11,Emphasis=3,11,2026-08-25 07:34:50,Optimal,3.6,3.6000000000000014,0,8305.9294,243.9733,5327.8766,0.3000000000000047,697,121920,23,5008,9856,
20260825-073436,3,HospitalRostering_Generator,r2-baseline-s22,r2-baseline-s11,,22,2026-08-25 07:34:56,Optimal,3.6,3.6,0,6076.9447,231.2759,6053.0141,0.30000000000000204,2276,148328,22,5008,9856,
20260825-073436,4,HospitalRostering_Generator,r2-Emphasis=3-s22,r2-baseline-s11,Emphasis=3,22,2026-08-25 07:35:08,Optimal,3.6,3.6,0,12089.1239,219.3616,5052.1354,0.30000000000000293,1897,294510,34,5008,9856,
20260825-073436,5,HospitalRostering_Generator,r2-baseline-s33,r2-baseline-s11,,33,2026-08-25 07:35:12,Optimal,3.5999999999999996,3.6,0,3498.1417,236.7296,3232.1193,0.3000000000000047,531,35092,16,5008,9856,
20260825-073436,6,HospitalRostering_Generator,r2-Emphasis=3-s33,r2-baseline-s11,Emphasis=3,33,2026-08-25 07:35:21,Optimal,3.6,3.6000000000000036,0,9208.3347,241.8616,3901.7502,0.30000000000000737,723,85673,24,5008,9856,
20260825-073436,7,HospitalRostering_Generator,r2-baseline-s44,r2-baseline-s11,,44,2026-08-25 07:35:29,Optimal,3.6,3.6,0,7724.4183,257.8458,1674.9191,0.2999999999999994,3974,267844,27,5008,9856,
20260825-073436,8,HospitalRostering_Generator,r2-Emphasis=3-s44,r2-baseline-s11,Emphasis=3,44,2026-08-25 07:35:58,Optimal,3.5999999999999996,3.6,0,28909.81,270.4744,3449.3519,0.3000000000000056,2024,303298,31,5008,9856,
20260825-073436,9,HospitalRostering_Generator,r2-baseline-s55,r2-baseline-s11,,55,2026-08-25 07:36:04,Optimal,3.6,3.6,0,5834.4931,442.6926,4380.3544,0.30000000000000604,1510,58648,19,5008,9856,
20260825-073436,10,HospitalRostering_Generator,r2-Emphasis=3-s55,r2-baseline-s11,Emphasis=3,55,2026-08-25 07:36:18,Optimal,3.6,3.6,0,13893.3795,619.9004,9216.8411,0.30000000000000426,511,86140,26,5008,9856,
