Section,Key,Value
schema,version,1
experiment,name,HospitalRostering-tuning-r0
experiment,description,R0 校準：基準 × 5 個種子，量雜訊地板
experiment,trialCount,5
experiment,writtenAt,2026-08-25 07:28:03
run,20260825-072707.startedAt,2026-08-25 07:27:16
run,20260825-072707.trialCount,5
model,HospitalRostering_Generator.varCount,5008
model,HospitalRostering_Generator.constraintCount,9856
environment,solver,Cplex
environment,machine,VICLAI
baseline,label,r0-baseline-s11
baseline,MipGap,0.005
baseline,ParallelMode,1
baseline,Seed,11
baseline,Threads,10
baseline,TimeLimit,60
